id,
UVDB,
UVDB.1,
UVDB.1.1,
UVDB.1.2,
UVDB.1.3,
UVDB.1.4,
UVDB.1.5,
UVDB.1.6,
UVDB.1.7,
UVDB.1.8,
UVDB.1.9,
UVDB.1.10,
UVDB.1.11,
UVDB.1.12,
UVDB.1.51,
UVDB.1.52,
UVDB.1.53,
UVDB.1.54,
UVDB.1.55,
UVDB.1.56,
UVDB.1.57,
UVDB.1.60,
UVDB.1.61,
UVDB.1.62,
UVDB.1.63,
UVDB.2,
UVDB.2.1,
UVDB.2.2,
UVDB.2.3,
UVDB.2.4,
UVDB.2.5,
UVDB.2.6,
UVDB.2.7,
UVDB.2.8,
UVDB.2.9,
UVDB.2.10,
UVDB.2.11,
UVDB.3,
UVDB.3.1,
UVDB.3.2,
UVDB.3.3,
UVDB.3.4,
UVDB.3.5,
UVDB.3.6,
UVDB.3.7,
UVDB.3.8,
UVDB.3.9,
UVDB.3.10,
UVDB.3.12,
UVDB.3.13,
UVDB.3.14,
UVDB.3.15,
UVDB.3.16,
UVDB.3.18,
UVDB.3.19,
UVDB.3.20,
UVDB.3.21,
UVDB.3.22,
UVDB.3.50,
UVDB.3.51,
UVDB.3.52,
UVDB.3.53,
UVDB.3.54,
UVDB.3.55,
UVDB.4,
UVDB.4.1,
UVDB.4.2,
UVDB.4.3,
UVDB.4.4,
UVDB.4.5,
UVDB.4.6,
UVDB.4.7,
UVDB.4.8,
UVDB.4.9,
UVDB.4.10,
UVDB.4.11,
UVDB.4.50,
UVDB.4.51,
UVDB.4.85,
UVDB.4.86,
UVDB.4.87,
UVDB.4.88,
UVDB.4.90,
UVDB.4.91,
UVDB.4.92,
UVDB.4.99,