Product_Code,Product_code_Title,Supplier_Count,Number_of_Searches
1.1.6,Pre-Cast Building Products,39,4910
1.1.7,Paints & Varnishes,19,4241
1.1.8,Fasteners & Fixings,75,5064
1.1.9,Scaffolding,58,3482
1.1.10,"Glass, Ceramic, Plastic & Rubber Products",19,1524
1.1.11,Textile fibres,2,1056
1.1.13,Road Furniture,97,2189
1.1.14,Fencing,145,3403
1.1.16,Tinsmith Products,2,1102
1.1.18,Underground Marker Materials,30,2922
1.1.19,Insulation/Plastic Tape,38,3572
1.1.20,Muds,1,733
1.1.22,Domestic Appliances,31,2000
1.1.23,Adhesives & Sealants - General,30,3107
1.1.26,Prefabricated Buildings & Associated Products,68,1617
1.1.27,Industrial Consumables,35,3350
1.1.29,"Padlocks, bolts and locks",21,1875
1.1.30,Plumbing Equipment & Sundries,12,1580
1.1.32,Lifts & Escalators,10,1431
1.1.33,Light structure,13,897
1.1.34,Metal grids,17,979
1.1.35,Bulkhead gates,4,990
1.1.36,Metal cabinets and boxes,20,908
1.1.37,Gas bottles,8,954
1.1.38,Metal containers,12,1181
1.1.39,Sandwich panels and other composite materials,8,855
1.1.99,Other Building/Civil Products,60,1644
1.2.1,Sand,52,2221
1.2.3,Aggregate & Stone,86,1738
1.2.4,Reinstatement Products,44,2023
1.2.8,Insulation & Materials,58,1382
1.2.9,Mobile Accommodation Units,33,1198
1.2.16,Timber Materials,18,2136
1.2.17,Fixtures & Fittings,22,1965
1.2.98,Other Quarry Materials,21,860
1.2.99,Other Building/Civil Bulk Materials,43,754
1.3.1,Office Equipment,24,2158
1.3.2,Office Furniture,32,2295
1.3.3,Office Stationery,19,2702
1.3.5,Audio & Visual Equipment & Accessories,30,730
1.3.6,Furniture for hotels and restaurants,5,409
1.3.7,Drawing Office Equipment & Supplies,3,1442
1.3.13,Pre-Printed Stationery/Supplies,37,1681
1.3.16,Publications (Off-The-Shelf),5,422
1.3.17,Paper Maps,4,609
1.3.18,Janitorial Equipment & Supplies,51,2266
1.3.19,"Archiving equipment and consumables (microfiche, etc)",0,416
1.3.20,Microform Equipment,0,377
1.3.21,Printing & Photographic Chemicals & Materials,5,503
1.3.22,Catering Equipment,17,1365
1.3.23,Catering Supplies,9,523
1.3.24,Storage/Warehouse Equipment & Supplies,19,878
1.3.26,Security Printing,25,905
1.3.28,Interior Furnishings & Fittings,8,507
1.3.29,Food & Drink Supplies,2,930
1.3.80,Recycling Supplies,3,359
1.3.99,Other Office Materials & Supplies,5,769
1.4.1,Telecommunications Equipment & Accessories,79,2482
1.4.3,Voice Processing & Other Speech Related Products,44,1346
1.4.4,Telecommunication Transmission Equipment,73,1710
1.4.5,Telemetry Equipment,173,3688
1.4.6,SCADA & Telecontrol Equipment,176,3792
1.4.8,Microwave,47,1258
1.4.9,Antennae/Aerial Masts,56,916
1.4.10,High frequency systems,12,343
1.4.21,ISDN Equipment,19,726
1.4.22,C.L.A.S.S. Equipment,0,308
1.4.23,PABX Equipment,34,435
1.4.24,Payphones & Spares,4,86
1.4.25,Communication Tower Steel Structures,42,642
1.4.26,Radio Clocks,2,283
1.4.27,Synchronising Equipment,6,279
1.4.28,Satellite Communications Equipment,22,773
1.4.29,Radar Equipment,5,256
1.4.99,Other Telecommunications Equipment,69,591
1.5.1,Computer Hardware & Accessories - Workstations/Servers,69,4991
1.5.2,Computer Hardware & Accessories - Portable,64,4356
1.5.3,Computer Hardware - Mainframes,23,1781
1.5.5,Network Equipment & Accessories,93,2855
1.5.6,Software Development Tools,90,3522
1.5.8,Specialist Business Software,228,9418
1.5.9,Technical Software,189,4184
1.5.10,Utility Software,136,4620
1.5.11,Computer Consumables,17,1605
1.5.13,Remote control and telecontrol systems,32,1035
1.5.99,Other Computer Equipment & Supplies,44,1509
1.6.1,Waterproof Clothing,78,3607
1.6.2,Protective Clothing,101,3149
1.6.3,Work Wear/Corporate Clothing,90,3507
1.6.5,Footwear,82,2666
1.6.8,First Aid Kits & Supplies,59,1666
1.6.99,Other Clothing & Footwear,51,1324
1.7.1,Security Equipment,161,4057
1.7.4,Fire Fighting Equipment,57,1619
1.7.5,Fire/Gas Detection/Protection Systems,39,1791
1.7.6,Fire Protection Materials,21,575
1.7.7,Insulated stools and rugs,3,365
1.7.8,Showers and eyewash fonts,8,381
1.7.10,Protection equipment for live working,10,447
1.8.1,Passenger Cars,29,1232
1.8.2,Vans - Car-derived,40,1290
1.8.3,Commercial Vehicles,77,2423
1.8.6,"Specialist Vehicles, Tankers, Bodies & Trailers",105,949
1.8.7,Tyres & Tubes,11,729
1.8.8,Cable/Pipe Laying Plant,17,479
1.8.9,Mobile Plant,95,1581
1.8.10,Trenchless Equipment,17,599
1.8.11,Access Platforms & Equipment,52,1466
1.8.12,Horticultural Equipment,16,402
1.8.14,Garage Equipment,13,364
1.8.15,Vehicle/Mobile Plant Parts & Accessories,31,572
1.8.16,Boats & Marine Vessels,52,557
1.8.17,Bicycles & Spares,1,308
1.8.18,Railway Equipment,14,311
1.8.19,Passenger Loading Bridges,2,303
1.8.20,Baggage Trolleys,1,302
1.8.99,Other Mobile Plant,31,711
1.9.4,Conveyor Systems incl. Belts,44,400
1.9.13,Cranes (Mobile) & Mechanical Handling Plant/Equipment,100,1551
1.9.36,"Drive Belts, Chains & Couplings",27,912
1.9.37,Cranes (Fixed Location),34,627
1.9.42,Aerial Cableways,1,148
1.9.99,Other Material & Product Handling,37,220
1.10.1,Tools & Equipment - Cable Joiners,34,1697
1.10.2,Tools & Equipment - Overhead Line,30,1514
1.10.3,Insulated Tools,49,2236
1.10.5,Tools & Equipment - Drilling,23,1184
1.10.6,Power Tools,84,3296
1.10.8,Test & Inspection Equipment,81,2699
1.10.9,Workshop Machinery & Equipment,29,1446
1.10.10,Industrial Cleaning Equipment,25,1877
1.10.11,Workshop Cleaning Consumables,42,2162
1.10.12,Machines - Tools,13,619
1.10.13,Abrasive Products,35,1661
1.10.14,Welding & Cutting Equipment,39,1837
1.10.15,Tools & Equipment - Pipeline,44,1476
1.10.16,Weighing Equipment,6,484
1.10.18,Pollution Control Equipment,56,1068
1.10.19,Ladders and Climbing Rails,42,1445
1.10.20,Port/Marine Tools & Equipment,20,585
1.10.21,Gas network stoppling equipment,3,429
1.10.22,Drumming systems,2,324
1.11.2,Natural Gas,14,1084
1.11.10,Solid Fuel,1,294
1.11.11,Petrol,7,378
1.11.14,Insulating Oils,15,1609
1.11.16,Paraffin,4,732
1.11.17,Heating Oils,12,513
1.11.18,Fuel Oil,22,1787
1.11.19,Hydraulic Fluids,28,997
1.11.24,Greases,34,1209
1.11.25,Biodegradable Oils,14,452
1.11.26,Fuel Additives,7,257
1.11.27,Mains Water (Potable),27,726
1.11.28,Alternative/Emergency Water Supplies,32,1066
1.11.29,Additives and corrosion inhibitors,9,534
1.11.31,Additives for polymers,1,473
1.11.99,"Other Energy, Oils & Fuels",15,404
1.12.1,Propane,8,1130
1.12.2,Butane,3,847
1.12.3,Oxygen,7,1236
1.12.4,Nitrogen,13,1175
1.12.5,Carbon Dioxide,4,1295
1.12.6,Sulphur Dioxide,5,1255
1.12.7,Sulphur Hexafluoride,4,725
1.12.8,Argon Free Oxygen,3,715
1.12.9,Hydrogen,3,1170
1.12.10,Methane,1,683
1.12.11,Acetylene,5,724
1.12.15,Argon,3,677
1.12.16,Argonshield,0,629
1.12.17,Oxygen Free Nitrogen,4,666
1.12.99,Other Industrial Gases,5,783
1.51.2,Wheelsets & Components (Rolling Stock),1,429
1.51.3,Bearings (Rolling Stock),4,517
1.51.4,Brake Equipment (Rolling Stock),0,472
1.51.5,Brake Blocks (Rolling Stock),0,462
1.51.6,Brake Discs & Pads (Rolling Stock),0,442
1.51.7,"Brake Hoses, Pipes & Fittings (Rolling Stock)",1,754
1.51.8,Buffers (Rolling Stock),1,431
1.51.9,Drawgear (Heavy Drop Forgings),0,420
1.51.10,Diesel Engines & Power Units (Rolling Stock),6,441
1.51.11,Cylinder Heads & Liners (Rolling Stock),1,416
1.51.12,Turbochargers (Rolling Stock),3,411
1.51.13,Fuel Pumps & Fuel Injection (Rolling Stock),2,492
1.51.14,Filters (Rolling Stock),3,425
1.51.15,Transmission/Gearbox Spares (Rolling Stock),4,520
1.51.16,Suspension Equipment (Rolling Stock),0,400
1.51.17,Pneumatic Equipment (Rolling Stock),2,422
1.51.19,Rolling Stock,1,392
1.51.99,Other Rolling Stock Equipment - Mechanical,2,317
1.52.1,Electrical Rotating Machines (Rolling Stock),1,114
1.52.2,Carbon Brushes (Rolling Stock),2,109
1.52.3,Train Cells & Batteries,2,140
1.52.4,Lighting Equipment (Rolling Stock),6,197
1.52.5,Electrical Components (Rolling Stock),7,240
1.52.6,Control & Instrumentation Equipment (Rolling Stock),8,138
1.52.7,Pantographs/Shoegear & Components (Rolling Stock),2,104
1.52.8,Train-borne Communication Equipment,0,96
1.52.10,Passenger Counting Systems,2,94
1.52.11,Train Signalling & Control Equipment,4,102
1.52.12,Cable Harnesses (Rolling Stock),3,112
1.52.13,Passenger Information Systems,2,116
1.52.99,Other Rolling Stock Equipment - Electrical,3,28
1.53.2,Heating Equipment (Rail Interior),2,85
1.53.3,Door Locks (Rail Interior),1,81
1.53.5,Windows & Glazing (Rail Interior),1,112
1.53.6,Seats & Interior Fittings (Rail Interior),1,70
1.53.8,Vending Machines (Rail Interior),0,47
1.53.9,Ticket Machines (Rail Interior),0,62
1.53.10,Video Display Equipment/CCTV (Rail Interior),4,98
1.53.11,Fire Fighting Equipment (Rail Interior),0,77
1.53.12,Commercial Advertising Equipment (Rail Interior),1,56
1.53.99,Other Rolling Stock Equipment - Interior,0,1
1.54.1,Rail Sleepers - Concrete,3,79
1.54.2,Rail Sleepers - Timber,7,58
1.54.5,Rail Fasteners,7,69
1.54.6,Rail Insulators,4,47
1.54.7,Track Welding Materials,0,77
1.54.8,Track Warning/Safety Equipment,2,60
1.54.9,Rail Lubricants,6,98
1.54.10,Concrete Products - Rail Supply,6,62
1.54.11,Rail Tunnel Doors,2,39
1.54.12,Railway Detonators (inc disposal),0,50
1.54.99,Other Railway Materials,7,1
1.55.1,Points Heating Equipment,7,58
1.55.2,Railway Switches & Crossings,1,39
1.55.3,Level Crossing Equipment,1,75
1.55.4,Cable Troughing (Rail),3,101
1.55.5,Railway Tools,9,73
1.55.6,Track Welding Equipment,0,26
1.55.9,Rail Lifting & Jacking Systems,1,87
1.55.10,Buffer Stops (Rail),1,65
1.55.11,Overhead Line Equipment,12,156
1.55.13,Permanent Way Castings,1,69
1.55.14,Rail Bonding Systems,1,59
1.55.15,Permanent Way Trolleys,1,77
1.55.16,Condition Monitoring Products (Rail),5,56
1.55.17,Track Cleaning Equipment,0,53
1.55.99,Other Railway Equipment - Permanent Way,3,40
1.56.1,Signalling Cable,4,47
1.56.2,Signalling Tools,2,54
1.56.4,Signalling Lamps,0,48
1.56.5,Signalling Relays,1,60
1.56.99,Other Railway Equipment - Signalling & Telecommunications,13,47
1.57.1,Locks & Depositories (Station),3,42
1.57.2,Luggage Lockers (Station),1,35
1.57.3,Passenger Self Help Trolleys (Station),0,30
1.57.4,Platform Canopies & Covered Ways,4,29
1.57.5,Platform Furniture & Seating,4,26
1.57.7,Staff Clothing Lockers (Station),6,26
1.57.8,Wheelchair Access Ramps (Station),2,22
1.57.9,Station Clock Systems,0,26
1.57.10,Customer Information Systems (Station),4,44
1.57.11,Ticket Vending Machines (Station),1,16
1.57.99,Other Station Equipment,3,13
1.60.1,Airport specific information systems,7,171
1.60.2,Flight Information Displays (FIDS) (Screens with flight and gate information),2,88
1.60.4,Baggage Handling Systems (Insourced/Outsourced),9,173
1.60.5,Passenger Queue Measurement Systems,6,68
1.61.1,Baggage transportation equipment,5,79
1.61.2,Baggage classification equipment,6,61
1.62.1,"Communication systems (VHF-YHF, Tetra Systems)",7,99
1.62.2,Radars and surveillance systems,3,86
1.62.3,"Air navigation systems: ILS (Instrumental Landing Systems), NDB, VOR",2,75
1.62.4,"Meteorological equipment: IRVR Transmission meters, AMOs/RAMOS/SAMOS/FAMOS",0,229
1.63.1,Firefighting vehicles - airside,5,146
2.1.1,Hardware Services,98,6343
2.1.2,Software Development Services,275,10982
2.1.3,Software Support Services,221,9189
2.1.4,IT Training,72,1683
2.1.6,Facilities Management Services - IT,50,3133
2.1.7,Recruitment Services - IT,83,2414
2.1.8,Telecommunication Network Services,108,4351
2.1.10,Data Collection & Handling Services,208,5520
2.1.11,IT Network Services,114,3225
2.1.12,Internet/Intranet Services,84,1915
2.1.13,Telecommunication Equipment Associated Services,143,2946
2.1.14,Call Centre Services,97,2837
2.1.15,E-commerce Services,45,564
2.1.16,Escrow Services,4,114
2.1.17,IT Disaster Recovery Services,69,1203
2.1.98,Other Computer Services,78,2164
2.1.99,"Other Telecommunication Services (excl. Line Construction, Maintenance & Repair)",56,559
2.2.2,Financial Consultancy,50,2859
2.2.4,Change Management Consultancy,165,5256
2.2.5,Energy Management Consultancy,153,2333
2.2.6,Estates & Property Consultancy,93,3357
2.2.7,Health & Safety Consultancy,197,2470
2.2.8,Procurement & Materials Management Consultancy,88,2840
2.2.10,Security Consultancy,127,2541
2.2.11,Telecommunications/Telemetry Consultancy,109,1107
2.2.13,Quality Assurance Consultancy,81,2774
2.2.14,Personnel/Human Resources Consultancy,76,2345
2.2.16,Retail Consultancy,22,337
2.2.17,E-commerce Consultancy,47,665
2.2.18,Corporate Planning & Strategy Consulting,103,2613
2.2.19,Facilities Management Consultancy,46,946
2.2.20,Marketing & Advertising Consultancy,77,1473
2.2.21,International trade consultancy,6,272
2.2.22,Risk Management Consultancy,188,2858
2.2.24,Sports & Recreational Consultancy,18,200
2.2.26,Insurance Consultancy,9,555
2.2.27,Corporate Social Responsibility Consultancy,16,1193
2.2.28,Administrative consultancy,8,197
2.2.29,Community Relations Consultancy,23,792
2.2.30,Public Consultation Consultancy,33,982
2.2.31,Tree Consultancy,53,350
2.2.99,Other Consultancy,175,1815
2.3.1,Banking Services,13,512
2.3.2,Insurance Services,10,1251
2.3.3,Pension Funding Services,4,482
2.3.5,Cash Collection Services,27,848
2.3.6,Accountancy Services,10,441
2.3.7,Shareholder Services,5,185
2.3.8,Financial Audit Services,27,1447
2.3.9,Debt Collection Services,56,3185
2.3.10,Claims Management Services,31,722
2.3.11,Licensing Services,5,148
2.3.14,Credit/Procurement Card Services,4,68
2.3.15,Royalty & Copyright Services,0,166
2.3.16,Legal Services,49,770
2.3.17,Insurance Brokerage,9,1022
2.3.99,"Other Financial, Accountancy & Legal Services",33,270
2.4.1,Travel Agency Services,18,1199
2.4.2,Hotel/Accommodation Services,20,935
2.4.3,Catering Services (Offsite).,9,526
2.4.4,Conference/Event Management Services,41,1058
2.4.99,Other Hotel & Travel Services,19,555
2.5.2,Scrap Disposal Services,64,1942
2.5.3,Refuse/General Waste Disposal Services,47,3962
2.5.4,Sanitation Services,22,1025
2.5.5,Vermin Control Services,24,734
2.5.6,Hazardous Material Handling/Treatment/Disposal Services (incl. Asbestos),219,6929
2.5.8,Decontamination/Pollution Control Services,87,1885
2.5.9,Cable Drum Disposal & Recycling Services,13,359
2.5.10,Recycling Services,106,4035
2.5.11,Waste Skip Hire,71,3602
2.5.12,Waste Management Services,150,5892
2.5.13,Confidential Waste Disposal Services,18,1430
2.5.14,Road Sweeping Services,14,561
2.5.15,City cleaning services,2,206
2.5.16,Graffiti Removal & Protection Services,21,116
2.5.99,Other Disposal Services,68,1174
2.6.2,Photographic Services,43,1757
2.6.4,Public Relations Services,21,950
2.6.5,Recruitment Services (Temporary),164,2473
2.6.6,Training & Education Services – Personnel Related,139,2063
2.6.7,Training & Education Services – Functional,241,1905
2.6.8,Occupational Health Services,39,1606
2.6.9,Recreational activities and fitness,3,127
2.6.14,Market Research Services,43,1922
2.6.15,Postal & Mailing Services,35,2121
2.6.16,Real Estate Services,49,1888
2.6.20,Meteorological Services,23,221
2.6.21,Business Intelligence Services,42,740
2.6.22,Technical/Procedural Writing Services,20,140
2.6.26,Wayleave Services,52,1881
2.6.27,Promotional/Corporate Goods,17,454
2.6.28,Graphic & Media Design Services,103,1661
2.6.29,Personnel/Human Resources Services,46,1177
2.6.31,Marketing & Advertising Services,64,1251
2.6.32,Audit Services,90,1433
2.6.33,Product certification,8,79
2.6.35,Plastic Card Fulfilment Services,11,99
2.6.37,Musical Instruments Maintenance & Repair,0,77
2.6.38,Audio & Visual Equipment Services,10,325
2.6.39,Janitorial Equipment Maintenance & Repair,1,12
2.6.41,Business Project Management,43,602
2.6.42,Logistical Services,19,518
2.6.43,Library Cataloguing Services,1,80
2.6.45,Interior & Office Design Services,16,143
2.6.46,Rescue and Emergency Medical Services,17,162
2.6.47,Bill Payments,18,488
2.6.48,Rescue and Emergency Medical Services,7,125
2.6.49,Sales Service,2,78
2.6.50,CAP699 Competency Management,0,70
2.6.99,Other Business & Administrative Services,65,758
2.7.1,Security Services,141,4888
2.7.2,Furniture Maintenance & Repair Services,12,2069
2.7.3,Office Equipment Services,29,2163
2.7.4,Window Cleaning Services,36,2724
2.7.5,Removal/Relocation Services,30,1706
2.7.6,Asset Management/Operation Services,169,3287
2.7.9,Office & Depot Cleaning Services,61,4173
2.7.10,Building/Office Maintenance & Refurbishment Services,358,7765
2.7.11,Grounds Care Maintenance,208,5068
2.7.12,"Fire Protection, Fighting & Maintenance Services",104,4611
2.7.13,Ticket Vending Machine Maintenance & Repair,4,421
2.7.15,Outsourcing services in offices,12,697
2.7.99,Other Facilities Management Services,73,2340
2.8.1,Vehicle Accident & Repair Services,38,1040
2.8.2,Vehicle Bodybuilding,28,880
2.8.3,Vehicle Maintenance,51,1545
2.8.4,Vehicle Recovery Services,23,565
2.8.6,Transportation Services,121,2409
2.8.7,Storage & Warehousing Services,67,1946
2.8.8,Mobile Plant Hire Services,224,2594
2.8.9,Mechanical Handling Equipment Maintenance,63,453
2.8.10,Mobile Plant Maintenance,48,360
2.8.12,Vehicle Washing Services,2,49
2.8.13,Vehicle Disposal Services,13,289
2.8.14,Vehicle Leasing & Hire Services,54,1193
2.8.15,Helicopter/Air Transport Services,16,603
2.8.17,Traffic Lights Hire,53,939
2.8.19,Fleet Management Services,63,1374
2.8.20,Railway Track Maintenance,19,59
2.8.21,Weighbridge Services,8,50
2.8.22,"Signing, Guarding & Lighting Services (NRSWA)",64,583
2.8.23,Generator Hire (System Use),32,1734
2.8.24,Tool Hire,29,644
2.8.25,Boats/Marine Vessel Maintenance,32,131
2.8.26,Fixed Crane Services,33,199
2.8.27,Traffic Management Services,93,2802
2.8.28,Garage/Workshop Equipment Maintenance,9,25
2.8.29,Mobile Accommodation Unit Hire,25,355
2.8.30,Fuel Card Services,17,1093
2.8.31,Marine Equipment Maintenance & Repair Services,26,42
2.8.32,Horticultural Equipment Maintenance & Repair,7,102
2.8.33,Boat/Marine Vessel Hire & Charter,60,183
2.8.34,Rental of sea equipment,15,10
2.8.35,Ship rental,19,9
2.8.36,Haulage - general,75,1715
2.8.37,Haulage - low loader,68,1093
2.8.38,Transport of Radioactive Waste,6,29
2.8.98,Other Hire Services,76,422
2.8.99,Other Transport & Storage Services,16,100
2.9.1,Carpentry Services,100,1421
2.9.3,Electrician Services,163,3034
2.9.4,Industrial Painting & Specialist Coating Services,198,2788
2.9.5,Lift/Escalator Services,23,841
2.9.6,Roofing Services,137,3036
2.9.7,Concrete Services,326,4990
2.9.9,Road Construction & Surfacing Services,364,6124
2.9.10,General Building incl. Offices,301,5900
2.9.11,Security Equipment Installation & Maintenance,252,5449
2.9.12,"Heating, Ventilation & Air Conditioning Services",153,3407
2.9.13,Insulation Services,129,581
2.9.14,Carpark Construction,186,1373
2.9.15,Minor Civil Works for General Buildings/Offices/Depots,439,8522
2.9.16,Sports & Recreational Facilities Construction & Maintenance,38,272
2.9.17,Construction Project Management,124,2657
2.9.18,Minor Building Repair Call-Out Service,97,2668
2.9.19,Minor Structure/Civil Repair Call-Out Service,86,2075
2.9.20,Piping assembly,23,331
2.9.22,"Connection, works, cut-off and reconnection management services",9,708
2.9.23,Facade Work,33,241
2.9.99,Other General Building & Construction Services,195,3592
2.10.1,Wildlife / Bird Management,13,68
2.10.2,Stand / Coaching Planning,0,25
2.10.3,Slots Planning,1,11
2.10.4,Ice Management / Weather Systems,5,33
2.10.5,Marshalling,1,8
2.10.6,Cargo Systems Management (Processing/Customs),0,4
2.10.7,Auditing,7,134
2.11.1,Handling Aircraft - Ramps,0,34
2.11.2,Handling Passengers - PRM (People with Reduced Mobility),4,50
3.1.1,Enclosures & Kiosks,90,2870
3.1.2,Flood Defence/Landscaping Building Products,52,1418
3.1.3,Environmental/Reclaimed Building Products,11,420
3.1.5,Airport/Port Security Equipment,47,529
3.1.6,Explosion Protection Equipment,19,146
3.1.99,Other Sector Specific Building/Civil Products & Materials,56,598
3.2.1,Programmable Logic Controllers (PLC's),108,1798
3.2.2,Control & Instrumentation Systems & Spares,296,4381
3.2.3,Control & Instrumentation Automation Hardware,136,1452
3.2.4,Optical Instruments,21,433
3.2.5,Instrumentation & Associated Equipment,202,3798
3.2.7,Detection/Monitoring Equipment,182,3396
3.2.8,Detection/Monitoring Systems for District Heating and Cooling,38,500
3.2.9,Meteorological Stations,16,277
3.2.10,Survey Equipment,19,259
3.2.11,Panels/cupboards,22,662
3.2.12,"Aperture bridles and plates, nozzles and venturis",1,261
3.2.14,Flow meters,47,1522
3.2.15,Telereading systems,8,198
3.2.16,Assembly of instrumentation,8,409
3.2.17,Pitot tubes,1,236
3.2.18,Rotameters,5,510
3.2.19,Volumetric meters,10,611
3.2.20,LPG meters for industrial installations,5,350
3.2.21,Temperature meters,20,702
3.2.23,Pressure meters,23,775
3.2.24,Level meters,27,690
3.2.25,Analyser of physical and chemical properties,13,449
3.2.26,Analysers of chemical compounds,10,369
3.2.27,Other analysers,4,555
3.2.28,Measurement converters,4,157
3.2.29,Seal/condensation pots,0,101
3.2.31,Equipment for electrical measurement,31,696
3.2.32,Conductivimeter,6,403
3.2.33,Dynamometers,1,387
3.2.34,Metrology equipment,8,144
3.2.99,Other Control & Instrumentation Equipment,132,1855
3.3.6,Earthing Equipment,62,1867
3.3.7,Electrical Motors,72,1421
3.3.10,"Primary Cells, Batteries & Chargers",77,3125
3.3.11,Portable Power Supplies/Mobile Generators,87,2344
3.3.14,Trace Heating Equipment,28,329
3.3.15,Busbars & Support Structures,36,1169
3.3.16,Motor Control Centres & Spares,118,1614
3.3.17,Electronic Cards & Systems,36,728
3.3.20,Electrical/Electronic Components,55,2481
3.3.25,Photographic Equipment,4,190
3.3.27,"Evaporators, Refrigerators & Cryogenerators",22,64
3.3.29,Car Park Equipment & Systems,22,293
3.3.30,Airfield Lighting,14,115
3.3.31,Ticket Vending Machines,2,26
3.3.32,Street Lighting & Accessories,22,966
3.3.33,Traffic and Light Signal Systems,7,250
3.3.41,Contactors,11,839
3.3.43,Current collectors,4,267
3.3.45,High and medium voltage switchboard,28,455
3.3.46,Integrated Main Power Supply Panel,7,207
3.3.47,Other earthing equipments,18,541
3.3.48,Break indicators,5,83
3.3.49,"Rectifiers, converters",19,224
3.4.2,Cut Outs,26,1482
3.4.5,Relays,54,1648
3.4.9,Fuses - Below 1kV,24,2077
3.4.10,Fuses - 1kV to 11kV,28,2007
3.4.11,Fuses - Above 11kV,19,1493
3.4.12,Surge Diverters/Arrestors,32,1528
3.4.13,Distribution Fuse Cabinets/Pillars,38,920
3.4.14,Fault Passage Indicators,16,815
3.4.15,Uninterruptible Power Supply (UPS) Systems,69,1822
3.4.16,Lightning Protection Equipment,36,1320
3.4.19,Over voltage dissipator and lightning conductors of High and low voltage,6,511
3.4.20,Prewired measurement and junction boxes,10,567
3.4.21,Cable trays and stapling accessories,11,689
3.4.23,Fusible,2,376
3.4.24,Over voltage protection systems,22,686
3.4.25,"Fuse boxes, fuse blocks and fuse panel boards",9,720
3.4.26,Flameproof material: switchboards,3,386
3.4.27,"Flameproof material: lighting (lighting fitting, searchlight, etc.)",8,372
3.4.28,Flameproof material: electric tracing,3,351
3.4.29,Flameproof material: electronic power switching,2,347
3.4.30,Other flameproof material,0,364
3.4.31,Relay,11,676
3.4.33,Electrical line protections,9,483
3.4.99,Other Electrical Protection Equipment,85,1690
3.5.2,Transformers - Distribution Ground Mounted (2000kVA & Below),45,1771
3.5.3,Transformers - Distribution Pole Mounted (315kVA & Below),29,950
3.5.4,Transformers - Generator,38,651
3.5.6,Power transformers,31,883
3.5.7,Oil and silicon distribution transformers,17,213
3.5.8,Dry-type or encapsulated-winding distribution transformers,16,71
3.5.10,Intensity transformers,2,95
3.5.11,Alternators,5,19
3.5.13,Frequency converters,14,218
3.5.20,Transformers - Current,34,1142
3.5.21,Transformers - Voltage,33,1002
3.5.22,Transformers - Traction,18,154
3.5.23,Transformation centres,2,20
3.5.24,Substations - Unit/Composite,32,450
3.5.27,Transformers - Primary (Below 10MVA),40,828
3.5.29,Transformers - Grid (Above 100MVA),29,2605
3.5.30,Tap Changing Equipment,15,224
3.5.31,Transformer Bushings,21,191
3.5.32,Quadrature Boosters,13,1009
3.5.33,Voltage Regulators,14,371
3.5.34,Reactors,33,1333
3.5.35,Capacitors,13,182
3.5.36,Gas deflector,1,4
3.5.37,PLC Terminal Equipment,9,2
3.5.38,Comms Multiplexers,6,
3.5.39,Transducers,5,42
3.5.40,Cells and electric cabs,0,8
3.5.41,Sealings,5,2
3.5.42,Connecting parts and accessories for sealings,3,115
3.5.50,Starters,12,149
3.5.52,Accessories for transformation posts,0,
3.5.53,Compact three phase modules,0,16
3.5.54,Transformer protections,11,35
3.5.55,Transformer bank protections,5,4
3.5.56,Brushes and brush holders,1,
3.5.57,Distribution grid station,5,10
3.5.58,Power connections,7,54
3.5.99,Other Transformers,48,311
3.6.1,Covered Overhead Line Conductor,26,1679
3.6.2,Bare Overhead Line Conductor,43,1645
3.6.4,Conductor Fittings,36,1193
3.6.5,Helical Fittings,13,741
3.6.7,Electrical Insulators - Porcelain,18,596
3.6.8,Electrical Insulators - Glass,11,460
3.6.9,Electrical Insulators - Polymeric,28,651
3.6.10,Overhead Line Towers,34,525
3.6.11,Overhead Line Accessories,50,1986
3.6.13,Overhead Line Poles,38,397
3.6.14,Stranded Wire Products,29,458
3.6.99,Other Overhead Line Equipment & Accessories,52,983
3.7.2,Underground Mains Cable - 1kV to 19kV,48,1282
3.7.3,Underground Mains Cable - 20kV to 99kV,56,1701
3.7.4,Underground Mains Cable - 100kV to 199 kV,48,2356
3.7.6,"Underground Cable Joints, Terminations & Jointing Materials - Below 1kV",42,1440
3.7.7,"Underground Cable Joints, Terminations & Jointing Materials - 1kV to 19kV",40,1384
3.7.8,"Underground Cable Joints, Terminations & Jointing Materials - 20kV to 99kV",42,1721
3.7.9,"Underground Cable Joints, Terminations & Jointing Materials - 100kV to 199kV",38,1441
3.7.10,"Underground Cable Joints, Terminations & Jointing Materials - 200kV & Above",31,1042
3.7.11,General Wiring Cable,45,945
3.7.12,Telecommunications Cable,60,288
3.7.13,Fibre Optic Cable,74,657
3.7.15,Cable Accessories,77,1315
3.7.16,Control & Instrumentation Cable,32,284
3.7.17,Control & Instrumentation Cable Accessories,21,198
3.7.18,Solder,8,125
3.7.19,Link Boxes,21,432
3.7.20,Cable Entry Cabinets,14,31
3.7.21,Subsea Cables,31,938
3.7.22,Ground power cables of steel and fibre-optic,10,327
3.7.23,Bare ground power cable of copper,16,78
3.7.24,Ground power cables of galvanized steel and alloys,8,113
3.7.99,Other Cables,22,205
3.8.1,Industrial Hot Water Boilers,25,709
3.8.3,Boiler Ancillary Equipment,64,931
3.8.4,Generators - Power Station,74,1502
3.8.5,Heat Pumps and Accessories,20,177
3.8.6,Engines & Engine Spares,44,549
3.8.7,Cooling Systems & Spares,37,113
3.8.8,Fuel & Oil Systems & Spares,20,201
3.8.9,Feed Water Systems & Spares,26,493
3.8.10,Turbines & Spares - Steam,26,371
3.8.11,Solid Fuel Supply Systems & Spares,11,54
3.8.12,Liquid Fuel Supply Systems & Spares,16,79
3.8.13,Gas Fuel Supply Systems & Spares,23,364
3.8.14,Ash/Residue Disposal Systems & Spares,14,73
3.8.15,Combustion Air Systems & Spares,22,344
3.8.16,Flue Gas Exhaust Systems & Spares,26,388
3.8.17,Turbines & Spares - Gas,30,425
3.8.18,Power Station Heating & Ventilation Equipment,22,379
3.8.23,Combined Heat & Power (CHP) Plant,45,468
3.8.24,CO2 Capture Plants,4,44
3.8.25,Solar Power Production Equipment,20,687
3.8.26,Ovens,1,34
3.8.28,Heated water boiler,7,102
3.8.29,Multi-fuel firing unit (heated water + heating),0,28
3.8.31,Other motors and motor spare-parts,7,93
3.8.32,Air - coolants,3,39
3.8.33,Double and multi - pipe heat exchange units,7,75
3.8.34,Carcass and steel pipes heat exchange units,3,142
3.8.35,Plaque heat exchange units,4,49
3.8.36,Other heat exchange units,10,95
3.8.37,Heat exchange unit coverings,1,47
3.8.38,Fuel-gas heaters,9,35
3.8.39,Refractory material,4,18
3.8.40,Gasholders,4,286
3.8.41,Grinding mill,1,18
3.8.42,Bucket - wheels,0,15
3.8.43,Vibrator screen,2,25
3.8.44,"Fan blowers, blowers, aspirators and gas circulators",7,197
3.8.97,Flue gas boiler,8,200
3.8.98,Other Boilers & Boiler Spares,22,162
3.9.19,Wind Power Production Equipment,48,960
3.9.20,Hydro-Electric Power Production Plant,24,226
3.9.21,Bio Energy Production Equipment,25,68
3.9.22,Wave Motion Power Production Equipment,7,20
3.9.24,Solar Power Production Plant,34,582
3.9.25,Wave Motion Power Plants,3,43
3.9.26,Osmotic Power Plant / Salt Power Plant,6,106
3.9.28,Hydraulic turbine generators,4,30
3.9.29,Fuel cells,7,62
3.10.1,Nuclear Gas Reactor & Core,6,458
3.10.2,Nuclear Fuel Assembly,4,402
3.10.3,Nuclear Gas Baffle,1,405
3.10.4,Nuclear Gas Diagrid & Support Skirt,1,372
3.10.5,Nuclear Shielding,6,508
3.10.6,Nuclear Pressure Vessel & Liner,8,397
3.10.7,Nuclear Gas Circulators,2,315
3.10.8,Nuclear Control Rod & Assembly,1,321
3.10.9,Nuclear Reactor Pumps,1,302
3.10.10,Nuclear Fuel Route Equipment,10,341
3.10.11,Nuclear In-Service Inspection Equipment,12,256
3.10.12,Nuclear Island Control & Instrumentation Systems & Spares,25,390
3.10.13,Nuclear Reactor Protection Systems & Spares,16,266
3.10.14,Radioactive Waste Handling & Reprocessing Equipment,30,1116
3.10.15,"Nuclear Primary Circuit Pipework, Valves & Penetrations",12,266
3.10.16,Nuclear Sampling Systems,10,351
3.10.18,Nuclear Containment & Ventilation Systems,16,789
3.10.19,Dosimetry Equipment & Control Systems,11,512
3.10.21,Nuclear Fuel Storage Racks & Equipment,7,166
3.10.22,Nuclear Robotics/Remote Operations Equipment,15,149
3.10.23,Nuclear Fuel,2,132
3.10.24,PWR Pressure Vessel & Internals,7,160
3.10.25,PWR Pressuriser & Pressure Control Systems,6,96
3.10.26,PWR Steam Generator Plant,6,91
3.10.27,PWR Chemical & Volume Control/Reactor Make-up Systems,1,116
3.10.28,PWR Emergency Boration & Charging Systems,1,74
3.10.29,Nuclear Power Plants,9,223
3.10.99,Other Nuclear & Reactor Plant & Equipment,27,206
3.12.1,Switchgear - Indoor (Below 1kV),56,944
3.12.3,Switchgear - Indoor (20kV to 99kV),32,1626
3.12.4,Switchgear - Indoor (100kV to 199kV),19,684
3.12.6,Switchgear - Outdoor (Below 1kV),27,567
3.12.7,Switchgear - Outdoor (1kV to 19kV),36,1329
3.12.9,Switchgear - Outdoor (100kV to 199kV),19,735
3.12.10,Switchgear - Outdoor (200kV & Above),18,1397
3.12.11,Switchgear - Multi Motor,34,429
3.12.12,Switchgear - Power Factor Correction,35,384
3.12.14,Switchgear - Direct Current (DC),23,784
3.12.15,Switchgear Parts & Accessories,39,428
3.12.16,Circuit Breakers,55,1895
3.12.17,Disconnectors,35,1226
3.12.18,Distribution disconnectors,17,479
3.12.19,High voltage disconnectors,19,645
3.12.20,High voltage indoor switches,8,184
3.12.21,High voltage outdoor switches,11,316
3.12.23,"Outdoor high-voltage switchgear: limiting reactances, impedances",4,120
3.12.24,Outdoor high-voltage switchgear: Non - harmonic filters,4,125
3.12.99,Other Switchgear,32,319
3.13.1,Water Meters,36,1512
3.13.3,Electricity Meters,29,1056
3.13.4,District Heating and Cooling Meters,23,182
3.13.6,Electrical Metering Control Devices,15,379
3.13.7,Meter Accessories & Spares,44,1207
3.13.8,Meter Tokens & Cards,8,429
3.13.11,Turbine gas meter,8,445
3.13.12,Electrical Meters - Power Station/Grid,23,225
3.13.13,Gas Meters - Credit,32,1045
3.13.14,Gas Meters - Prepayment,12,689
3.13.16,"Governors, Regulators & Associated Equipment",37,1501
3.13.18,Prewired Meter Cabinets,20,324
3.13.19,Meter Cabinets & Housings,58,1106
3.13.99,Other Meters & Associated Equipment,47,1124
3.14.2,Submersible Pumps,115,3756
3.14.3,Positive Displacement Pumps,58,1514
3.14.5,Split Case Pumps,35,1997
3.14.6,Double Disk Pumps,11,696
3.14.9,Washwater Pump Sets,49,1658
3.14.10,Metering & Dosing Pumps,56,1755
3.14.11,Borehole Pumps,53,1463
3.14.12,Macerator Pumps,44,938
3.14.13,Peristaltic Pumps,22,886
3.14.14,Portable Pumps,45,970
3.14.16,Screw Pumps,26,650
3.14.17,Axial Pumps,29,942
3.14.19,Progressing Cavity Pumps,30,1287
3.14.20,Dry well pumps,23,1422
3.14.21,NLG pumps,3,433
3.14.22,LPG pumps,3,430
3.14.23,Fire - damper pumps,4,435
3.14.24,Special effect pumps,2,411
3.14.25,High speed pumps,3,518
3.14.26,Gear type pumps,8,407
3.14.27,Acid pumps,10,457
3.14.28,Encapsulated pumps,3,406
3.14.29,Magnetic pumps,5,401
3.14.30,Shaft pumps,8,1157
3.14.99,"Other Pumps, Accessories & Spares",86,1457
3.15.3,Pipes & Fittings - Ductile Iron,41,2623
3.15.4,Pipes & Fittings - Copper,29,1458
3.15.5,Pipes & Fittings - Clay,9,652
3.15.6,Pipes & Fittings - High Density Polyethylene (HDPE),49,3185
3.15.7,Pipes & Fittings - Medium Density Polyethylene (MDPE),44,2909
3.15.8,Pipes & Fittings - MOPVC,14,804
3.15.9,Pipes & Fittings - PVC,43,1033
3.15.10,Pipes & Fittings - Steel,109,2799
3.15.12,Pipe Fittings - Couplings & Flanged Adapters,56,3155
3.15.13,Pipe Fittings - Electrofusion Fittings,27,1996
3.15.14,Pipe Fittings - Gunmetal,18,1194
3.15.15,Pipe Fittings - Plastic,28,1866
3.15.16,Pipes & Fittings - Stainless Steel,63,1682
3.15.17,Ducting,44,1358
3.15.18,Water Flange Joint Sets,28,997
3.15.19,"Pipe Accessories, Consumables & Associated Supplies",38,1007
3.15.20,Surface Boxes & Chambers,38,2336
3.15.21,Conduit pipe,5,226
3.15.22,PVC pipe for electric line,3,437
3.15.23,Polyethylene pipes for cable guiding,7,435
3.15.25,"Leak Detection, Control & Repair Equipment/Materials",75,2025
3.15.26,Pipes & Fittings - GRP,16,558
3.15.27,Standpipes,10,638
3.15.28,Pipes and accessories of polypropylene (PP),7,410
3.15.30,Finned tubes,5,290
3.15.31,"Accessories for gas loading, locking and blowdown ('way-tees' and others)",0,301
3.15.32,Stem ports and transitions for gas distribution,0,444
3.15.33,Expansion joints,9,397
3.15.34,Heat - shrink joints,3,685
3.15.35,Pasteboard joints,0,274
3.15.36,"Spiral - metal, laminated metal foil gaskets and metal joints",11,317
3.15.37,"Blanking disk, figure - eight figures and drop - rings",3,383
3.15.38,Filters for gases,12,561
3.15.39,Self-clean reduction filters,2,424
3.15.40,Protegol pipe coatings,2,279
3.15.41,Concrete pipe coatings,7,277
3.15.42,Polyethylene pipe coatings,4,355
3.15.43,Bands and blankets for pipe coating (incl. Thermocontractables),1,265
3.15.44,Other pipe coating,11,297
3.15.45,Cathode - protection systems,7,456
3.15.46,Scrapers and scraper - traps,7,320
3.15.47,Flow correctors,2,300
3.15.48,Steam traps,6,259
3.15.49,Separators and lockers,3,355
3.15.50,Pipe compensators,4,353
3.15.51,Work - holding devices and supports,2,263
3.15.53,Air - circulation and climatisation ducts and accessories,0,244
3.15.56,"Accessories of copper, brass, nickel, aluminium, titanium and other alloys",5,426
3.15.57,Thermal insulator pipes,4,247
3.15.58,Threaded pipes for well casing,2,255
3.15.59,District heating pipes,7,230
3.15.99,Other Pipes,20,253
3.16.1,Air Valves,55,2815
3.16.4,Non-Return/Reflux/Check Valves,81,2317
3.16.5,Penstock Valves,40,1267
3.16.7,Needle/Globe Valves,51,816
3.16.9,Butterfly Valves,72,1664
3.16.11,Diaphragm valves and pressure regulators valves,39,1124
3.16.12,Pressure Control Valves,70,2292
3.16.15,Solenoid Valves,34,538
3.16.16,Safety Valves,58,962
3.16.17,Actuators,79,1372
3.16.18,Float Operated Valves,20,499
3.16.19,Plug Valves,29,1130
3.16.20,Containment Valves,4,508
3.16.21,Well heads,6,390
3.16.22,Self - regulating valves of pressure / rate - flow,16,517
3.16.23,Gas pressure regulators (up to 100Nm3/h),13,867
3.16.24,Gas pressure regulators (of more than 100Nm3/h),12,799
3.16.25,Low pressure valves,9,610
3.16.26,Alylation service valves,2,341
3.16.27,Pneumatic transport valves,4,344
3.16.28,Meter or consumer valves,6,871
3.16.29,Consumer gas regulation valves,6,660
3.16.30,Control valves,39,1068
3.16.31,Desuperheating steam valves (attemperators),5,293
3.16.32,Instrumentation valves / manifolds,8,375
3.16.33,Purge valves,4,325
3.16.35,Cocks,4,506
3.16.36,Valves for production heads (X'Mas Tree),4,293
3.16.38,Forged valves,14,314
3.16.99,"Other Valves, Actuators & Spares",75,848
3.18.1,Aluminium Sulphate,8,1587
3.18.2,Activated Carbon,21,1543
3.18.3,Calcium-based Chemicals,12,1519
3.18.4,Chlorine,7,1403
3.18.5,Ferrous-based Chemicals (Iron),13,1281
3.18.7,Hydrogen Peroxide,12,503
3.18.8,Acids,14,1579
3.18.9,Poly Aluminium Chloride,11,1515
3.18.12,Sodium-based Chemicals,29,1490
3.18.18,Polyelectrolytes,11,1229
3.18.19,Trichloroethane,0,204
3.18.22,Reagents/Buffer Solutions,10,264
3.18.24,Ammonium Sulphate,3,355
3.18.27,Hydrazine Hydrate,1,222
3.18.35,Molten Sulphur,1,184
3.18.36,Odourant - Mains Gas,2,889
3.18.37,"Odorizer for fuel gas (THT, mercaptane)",2,158
3.18.38,Nitrogen oxide,0,180
3.18.40,Methanol,5,340
3.18.41,Potassium permanganate,5,204
3.18.42,Ceramic balls,1,155
3.18.43,Resins,5,215
3.18.44,Alcohols,1,153
3.18.45,Catalyzers,0,138
3.18.46,"Agrochemicals, fertilizers, herbicides, biocides, fungicides",5,218
3.18.47,Chemical products of general application in the water sector,29,1004
3.18.48,Chemical products (non solvents) for the petrochemistry industry,5,200
3.18.49,"Chemical products for perforation (bentonite, retardant, etc.)",0,167
3.18.50,Ferric nitrate,1,191
3.18.51,Aluminium Chloride,3,463
3.18.99,Other Chemicals,26,1062
3.19.1,Digestors - Sewage & Sludge,53,1428
3.19.2,Macerators,23,587
3.19.3,Odour Control Equipment,58,700
3.19.5,Waste Water Scrapers,34,741
3.19.6,Screens & Associated Equipment,66,1162
3.19.7,Disinfection Equipment,67,1029
3.19.8,Dosing Plant,88,2274
3.19.9,Sulphinators,2,210
3.19.12,Comminutor (Pulverization) Equipment,6,180
3.19.13,Detritor (Grit Removal) Equipment,28,342
3.19.14,Classifier Equipment,19,200
3.19.15,Aeration Equipment,54,532
3.19.16,Surge Suppression Equipment,10,311
3.19.17,Potable water treatment equipment,65,2172
3.19.18,Waste water treatment equipment,125,2557
3.19.19,Treatment sea water equipment,13,108
3.19.99,Other Water/Waste Water Treatment Plant & Equipment,166,2262
3.20.1,Compressor Station/Aero Engines & Spares,3,369
3.20.2,Compressor Station Plant & Spares,10,394
3.20.3,Compressor Station Consumables,5,322
3.20.4,Compressor Station Fire & Gas Equipment,8,332
3.20.5,Compressor Station Safety & Test Equipment,3,269
3.20.7,Gas Holder Antifreeze Units,2,182
3.20.8,Odorisation Equipment,7,292
3.20.9,Water Bath Heaters,14,485
3.20.10,Fogger/Gas Conditioning Units,5,283
3.20.11,Integrated Gas Analytical Systems,11,326
3.20.12,Gas Storage Plant & Equipment,18,506
3.20.99,Other Gas Transmission/Distribution Plant & Equipment,30,564
3.21.1,Bearings & Transmission Products,45,1348
3.21.2,Mechanical Seals & Gaskets,63,1504
3.21.3,"Blowers, Exhausters & Fans",43,799
3.21.5,Tanks & Covers,91,1265
3.21.7,Filters,50,1143
3.21.17,Centrifugal compressors,10,421
3.21.18,Rotary compressors,13,247
3.21.19,Reciprocating compressors,14,449
3.21.20,Gas and boil - off compressors,6,193
3.21.21,Turbocompressors,8,253
3.21.24,Oil & Gas Powered Motors,7,168
3.21.35,Centrifuges,22,762
3.21.40,Rubber Hoses & Couplings,39,283
3.21.42,Overhead Gantries & Walkways,41,102
3.21.43,Gas & Air Treatment Plant,24,497
3.21.44,Lubrication Equipment,18,258
3.21.45,Skid Units/Pressure Reduction Modules,29,1793
3.21.46,Bulk Packaging Equipment,0,87
3.21.47,Hydraulic Power Packages,50,206
3.21.49,Mining extraction machinery,2,82
3.21.50,Silencers,0,90
3.21.60,Physical lock and packing,0,80
3.21.61,Heavy - thickness reactors (Hydrocra. and Isomax),0,76
3.21.62,Petrochemical unit reactors,0,84
3.21.63,"Cooling tower fillings, pans and trays",3,72
3.21.64,Anti - hammering,0,68
3.21.65,Oleo - hydraulic unit,2,66
3.21.66,Rotary joint,1,74
3.21.67,Charge chute,0,84
3.21.68,Charge bellows,2,9
3.21.69,Drying equipment,7,108
3.21.99,"Other Mechanical Machinery, Equipment & Spares",89,408
3.22.1,Mining rotary joints and spares,4,136
3.22.2,"Mining Sprockets, Sprocket corners, spares",1,133
3.22.3,"Mining Turning Workpieces, Swing Bearing and parts",1,125
3.22.4,Mining pulleys/packets and spares,1,122
3.22.5,Mining unit undercarriages and spares,1,121
3.22.6,Mining Drive Shafts and Spares,2,139
3.22.7,Mining soundproofing packaging and spares,0,114
3.22.8,"Mining Casters, Rollers and Rotors and Spares",3,124
3.22.9,Mining Crawler Track Parts and Spares,3,113
3.22.10,Mining Connection Components,2,70
3.50.3,Laboratory Glassware,3,294
3.50.4,Laboratory Plasticware,1,371
3.50.5,Laboratory Consumables,6,526
3.50.6,Laboratory Animals,0,106
3.50.7,Animal Support Products & Equipment,0,127
3.50.8,Laboratory Chemicals,13,384
3.50.9,Laboratory Gases,5,259
3.50.12,Laboratory Rubberware,1,200
3.50.13,Laboratory Paperware,0,177
3.50.14,Laboratory Media,0,169
3.50.15,Enzymes & Associated Products,0,136
3.50.16,Oligonucleotides,0,139
3.50.17,Antibodies,0,129
3.50.18,Tissue Culture,0,116
3.50.19,Laboratory Hand/Power Tools,2,207
3.50.20,Laboratory Testing Tools,6,199
3.50.30,Mobile laboratories,4,156
3.50.98,Other Laboratory Equipment & Supplies,11,194
3.51.2,Medication,0,16
3.51.3,Medication Ingredients & Raw Materials,0,21
3.51.4,"Medical, Surgical & Nursing Supplies",1,54
3.51.5,"Medical, Surgical & Nursing Equipment",0,39
3.51.99,Other Medical Equipment & Supplies,2,56
3.52.2,Educational Equipment,2,14
3.52.3,Educational Supplies,3,5
3.52.4,Furniture - Classroom & Lecture Theatre,7,21
3.52.5,Recreational & Sports Materials & Equipment,1,13
3.52.6,Musical Instruments & Equipment,0,7
3.52.7,Other Library Equipment,1,5
3.52.98,Other Education Supplies,1,
3.52.99,Other Education Equipment,2,
3.53.1,Car Wash,1,2
3.53.2,Other Equipment & Accessories for Cleaning Vehicles,1,1
3.53.3,Shelters & Accessories,4,286
3.53.4,Pumps & Accessories,11,505
3.53.5,Tanks & Accessories,11,303
3.53.6,"General Products for Sale in Shop (foodstuffs, tobacco etc)",0,279
3.53.7,"Specific Products for Sale in Shop (lubricants, coolants etc)",0,285
3.53.99,Other Equipment & Supplies for Service Stations,3,
3.54.1,Marine Construction Materials,38,339
3.54.2,Marine Dismantling Products,8,303
3.54.3,Marine Identification Products,5,276
3.54.5,Stabilisation Products,6,283
3.54.6,Positioning Products,5,281
3.54.7,Mooring & Anchoring Products & Machinery,16,293
3.54.8,Towing Products,11,279
3.54.9,Fenders,13,275
3.54.10,Buoys,10,330
3.54.11,Cargo Securing & Protection & Handling Products,9,267
3.54.12,Marine Dredging Equipment,18,14
3.54.13,"Cable Handling, Storing & Laying Equipment",11,282
3.54.14,Marine Fishing Equipment,1,284
3.54.15,Marine Propellers,2,262
3.54.16,Marine Thrusters,3,266
3.54.17,Water Jets,2,283
3.54.18,Pods,3,259
3.54.20,Electronic Marine Navigation Equipment,7,298
3.54.21,Sound Signal Marine Equipment,4,285
3.54.22,Atmosphere Regeneration Equipment,2,256
3.54.23,Cargo Space Cleaning Equipment,2,255
3.54.24,Offshore Equipment,40,280
3.54.26,Special Transport Equipment,8,256
3.54.27,Rescue Craft,12,252
3.54.28,Marine Cathode Protections Systems,6,251
3.54.29,"Marine Furniture, Finishings & Fixtures",2,250
3.54.30,Marine Medical & Sanitary Equipment,2,249
3.54.31,"Marine Kitchen, Office & Catering Equipment",2,250
3.54.32,Marine Laundry Equipment,4,253
3.54.33,Marine Food Store Equipment,3,246
3.54.34,Marine Waste Treatment Equipment,3,245
3.54.35,Marine Leisure Equipment,4,244
3.54.36,Marine Entertainment Equipment,2,245
3.54.37,Manhole and hatch joints,4,268
3.54.38,Arms and armaments equipment,1,242
3.54.99,Other Marine Equipment,23,24
3.55.1,Burners & Torches,5,392
3.55.2,Incinerators,2,266
3.55.4,Cooling Towers,6,248
3.55.5,Mesh Separator (Demisters),2,236
3.55.6,Ejectors,1,235
3.55.7,Vaporizers,0,234
3.55.8,Cracking - Ovens & Hydrogen Ovens,0,233
3.55.9,Refinery unit reactors,1,257
3.55.99,Other Refinery Equipment,7,24
4.1.1,Pumping Station - Clean Water,313,6578
4.1.3,Treatment Works - Waste Water,419,5756
4.1.4,Treatment Works - Clean Water,332,7999
4.1.5,Water Tower and Tank,151,3219
4.1.6,Reservoir/Dam/Weir/Lock,229,5744
4.1.8,Gas Storage Leaching,20,971
4.1.9,Maintenance and inspection of pressure containers,22,1020
4.1.10,Sign and corporate image installation service,12,477
4.1.11,Ground and excavation works,261,6041
4.1.18,Demolition & Clearance Work,245,6286
4.1.24,Landscaping Services,275,3301
4.1.25,Foundation Services,181,1550
4.1.28,Sector Specific Security Equipment Installation & Maintenance,80,2103
4.1.30,Construction of waste disposal site,28,391
4.1.33,Modular Structures,76,1710
4.1.34,Construction of cogeneration plants for immediate occupation,7,359
4.1.36,Flood Defence Construction,202,2994
4.1.38,Airport Construction,72,539
4.1.40,Harbour & Marine Engineering Works,182,2538
4.1.41,Land Reclamation Works & Services,84,804
4.1.43,Gas Transmission System Plant Construction,62,2190
4.1.44,Gas Transmission System Plant Repairs & Upgrades,35,1539
4.1.45,Sector Specific Minor Civil Works,458,5319
4.1.46,Bridge Construction,131,362
4.1.47,Off-shore Structures,62,319
4.1.48,Gas Drying Plant,15,460
4.1.49,Gas Storage Plant Site Services,35,1462
4.1.50,Bridge Maintenance,117,1049
4.1.51,Sewage/Sludge Disposal Services,151,1968
4.1.53,Ground Work / Levelling Works,179,2112
4.1.54,Cable and Pipeline Trenches Construction Work,147,2076
4.1.56,Drainage & Culvert Services,178,1225
4.1.57,Drainage maintenance and repair services,142,1400
4.1.58,Remote Visual Inspection & Measurement Services,66,902
4.1.59,Steeplejacking Services,10,309
4.1.60,Rope Access and Abseiling Services,106,581
4.1.61,"Well-drilling works (test drilling, wells, etc.)",12,302
4.1.62,Naval fitting-out,1,226
4.1.70,Mining related services,18,250
4.1.71,Construction of service stations,12,290
4.1.72,Aqueduct works,23,292
4.1.74,Construction of pumping stations (excl. water),44,337
4.1.75,Electrical assembly (including electromechanical assembly),29,458
4.1.77,Construction and assembly of furnaces,5,212
4.1.78,Construction and assembly of silos,14,296
4.1.79,Chimney assembly,5,230
4.1.80,Assembly and maintenance of meteorological towers,4,221
4.1.81,Expert management and supervision of works,35,457
4.1.82,Gas and flame detection installation services (including those specific to the naval sector),7,442
4.1.83,Water sprinkler installations (including those specific to the naval sector),3,199
4.1.84,Dry chemical dust installations (including those specific to the naval sector),1,209
4.1.85,Foam installations (including those specific to the naval sector),4,195
4.1.86,CO/gas installations (including those specific to the naval sector),5,264
4.1.87,Other safety installations (including those specific to the naval sector),4,194
4.1.88,Fireproofing assemble services,4,199
4.1.89,Traffic lights installation and maintenance,29,503
4.1.90,"Energy, industrial, chemical and petrochemical installations projects",71,459
4.1.99,"Other Sector Specific Building, Civil Engineering & Associated Services",196,1940
4.2.16,Subsea Cable Services,111,2375
4.2.17,Underground Telecommunication Cable Laying,159,2351
4.2.19,Underground Cable Laying - Below 1kV,207,5894
4.2.20,Underground Cable Laying - 1kV to 19kV,261,10623
4.2.21,Underground Cable Laying - 20kV to 99kV,212,10561
4.2.22,Underground Cable Laying - 100kV to 199kV,128,7650
4.2.24,Underground Cable Jointing - Below 1kV,133,5031
4.2.25,Underground Cable Jointing - 1kV to 19kV,156,7082
4.2.26,Underground Cable Jointing - 20kV to 99kV,136,7564
4.2.27,Underground Cable Jointing - 100kV to 199kV,87,5388
4.2.28,Underground Cable Jointing - 200kV & Above,65,3067
4.2.30,Underground Cable Maintenance & Repair - 1kV to 19kV,116,4500
4.2.31,Underground Cable Maintenance & Repair - 20kV to 99kV,99,3904
4.2.32,Underground Cable Maintenance & Repair - 100kV to 199kV,68,2259
4.2.33,Underground Cable Maintenance & Repair - 200kV & Above,59,1561
4.2.34,Multi-Utility Cable & Pipe Laying,206,2389
4.2.35,Trenchless Cable Laying,147,3489
4.2.36,Street Lighting Connection,111,2369
4.2.37,Fibre Optic Cable Laying,147,2305
4.2.99,Other Underground Cable Services,159,2903
4.3.1,Water Service Pipe Laying,241,6670
4.3.2,Water Mains Pipe Laying,283,8830
4.3.4,Marine/River Outfall,132,1114
4.3.5,Water Service Pipe Maintenance & Repair,169,5714
4.3.6,Water Mains Pipe Maintenance & Repair,187,5713
4.3.7,Sewer Pipe Maintenance & Repair,208,3155
4.3.9,Pipe Surveying Services,202,3087
4.3.10,Trenchless Pipe Laying,217,5843
4.3.11,Borehole & Well Drilling,86,1659
4.3.13,Pipework Fabrication & Installation,264,3019
4.3.15,Transmission Pipeline Services,92,1956
4.3.18,Heating and Cooling Pipe Services,47,279
4.3.19,"Flexible Structures, Waterproof Lining Services",18,349
4.3.20,Pipeline CCTV/Inspection Services,215,2863
4.3.21,Pipe Coating / Lining Services,107,2279
4.3.22,Sewer Jetting Services,140,2105
4.3.23,Gas Service Pipe Laying,164,5165
4.3.24,Gas Mains Pipe Laying,191,6186
4.3.25,Gas Service Pipe Maintenance & Repair,120,4257
4.3.26,Gas Mains Pipe Maintenance & Repair,136,4797
4.3.27,Sub-sea Pipe Laying,18,239
4.3.97,Other Gas Pipe Services,110,1387
4.3.98,Other Water Pipe Services,119,1024
4.3.99,Other Pipe Services,131,1075
4.4.1,Boiler Services,92,806
4.4.2,Engine Services,33,343
4.4.3,Feed System Services,23,128
4.4.4,Gas Turbine Services,58,867
4.4.5,Generator Services,107,1875
4.4.10,Generation Operation & Maintenance Services,49,342
4.4.11,Energy Supply Plant Installation & Operation Services,82,437
4.4.12,Power Station - Combined Heat & Power Gas Turbine (CHP),99,378
4.4.13,Power Station - Combined Cycle Gas Turbine (CCGT),85,100
4.4.16,Cooling Water System Services,90,269
4.4.17,Bulk Storage Services,32,59
4.4.19,Ash/Residue Disposal System Services,31,45
4.4.20,Combustion Air System Services,16,104
4.4.21,Flue Gas Exhaust System Services,39,34
4.4.22,Power Station Heating & Ventilation Services,28,145
4.4.23,Wind Farm Construction,237,510
4.4.24,Wind Power Plant Services,157,732
4.4.25,Hydro-Electric Power Plant Construction,33,450
4.4.26,Hydro-Electric Power Plant Services,70,547
4.4.27,Power Station - Conventional Thermal Power Plants,53,128
4.4.28,Steam Turbine Services,36,802
4.4.29,Rotating Electrical Machine Services,15,76
4.4.30,Construction and assembling of installations for the exploitation of renewable energies,70,293
4.4.31,Microgeneration Services,19,88
4.4.99,Other Generation Services,56,91
4.5.2,Substation Building Civil Services,319,11420
4.5.3,Protection & Control System Services,154,4430
4.5.5,Switchgear Services,183,6182
4.5.7,Substation Cabling Services,168,3338
4.5.8,Substation Plant Dismantling & Removal,135,3191
4.5.9,Substation Fire Protection Services,66,1850
4.5.10,Substation Plant Painting Services,100,1625
4.5.11,Substation Design - Transmission,104,2041
4.5.12,Substation Construction - Transmission,131,1764
4.5.13,Substation Design & Construction - Transmission,119,2062
4.5.14,Substation Turnkey - Transmission,88,1818
4.5.15,Substation Design - Distribution,131,2094
4.5.16,Substation Construction - Distribution,169,3398
4.5.17,Substation Design & Construction - Distribution,139,2324
4.5.19,Substation General Maintenance,232,3860
4.5.20,Substation and Transformation Centers projects,68,433
4.5.99,Other Substation Services,195,3229
4.6.1,Technical Consultancy,334,8030
4.6.2,Planning Consultancy,167,5243
4.6.3,Electrical Consultancy - 11kV & Below,160,3970
4.6.4,Electrical Consultancy - 20kV to 99kV,126,3854
4.6.5,Electrical Consultancy - 100kV to 199kV,109,3697
4.6.6,Electrical Consultancy - 200kV & Above,99,3522
4.6.7,Mechanical Consultancy,129,4159
4.6.8,Structural Consultancy,156,4155
4.6.9,Cathodic Protection Consultancy,53,1069
4.6.10,Hydrology & Hydrogeology Consultancy,89,3960
4.6.11,Process Consultancy,80,2679
4.6.12,Tunnels Consultancy,53,722
4.6.13,Dams Consultancy,27,223
4.6.15,Topographical Consultancy,91,1374
4.6.17,Scientific Consultancy,115,1479
4.6.18,Surveying Services (excl. Overhead Line & Pipeline Surveying),322,5531
4.6.19,Archaeological Consultancy & Surveys,60,2449
4.6.20,Control & Instrumentation Consultancy,151,3922
4.6.21,Architectural Services,66,2260
4.6.22,Civil Engineering Consultancy,159,5351
4.6.23,Environmental Impact Surveys,184,4699
4.6.24,Hydraulic Modelling Consultancy,82,816
4.6.25,Pipeline Consultancy,94,2347
4.6.26,Project Management Consultancy,289,4887
4.6.27,Geotechnical Site Investigation Services,140,2652
4.6.28,Cartography Services (incl. Section 105),126,2709
4.6.29,Airfield Consultancy,26,941
4.6.30,Fire Consultancy,38,438
4.6.31,Flood Defence Consultancy,66,312
4.6.33,Port Planning Services,24,123
4.6.34,Gas Network Consultancy & Services,98,1735
4.6.35,Railway Consultancy,31,31
4.6.36,Safety Consultancy,81,1024
4.6.37,Fisheries Consultancy,32,1888
4.6.38,Integrated Design Team Services,110,2169
4.6.39,Technical Drafting including CAD Services,115,1755
4.6.40,Material Technology and Calculation Services,15,114
4.6.41,HVAC Consultancy Services,74,178
4.6.42,Water and Outlet/Sewage Consultancy,75,1270
4.6.43,Nuclear and Reactor Consultancy,13,126
4.6.44,Consequence Analysis Consultancy,23,215
4.6.46,Civil works and engineering services,95,2579
4.6.47,Consulting for oilfield engineering,19,30
4.6.48,Modelling consultancy services,63,1440
4.6.49,Architectonic consultancy,0,174
4.6.50,Tree Surveys,83,651
4.6.99,Other Sector Specific Consultancy,195,924
4.7.1,Health Physics Services,14,347
4.7.2,Reactor Physics Services,8,261
4.7.3,Reactor Core Services,9,210
4.7.4,Gas Circulator Services,4,279
4.7.5,Control Rod & Assembly Services,4,218
4.7.6,Fuel Route Services,12,208
4.7.7,Nuclear Island Control & Instrumentation Services,29,290
4.7.8,Nuclear Decommissioning,91,2396
4.7.9,Radioactive Waste Management Services,41,570
4.7.10,Nuclear Fuel Services,7,231
4.7.11,Nuclear Routine & Outage Plant Maintenance,37,178
4.7.13,Nuclear Safety Case Preparation & Support Services,35,221
4.7.14,Specialised cleaning services for equipment in primary circuit,7,130
4.7.99,Other Nuclear & Reactor Services,59,756
4.8.1,Control & Instrumentation Services,399,6660
4.8.2,Electrical Inspection/Testing Services,266,4372
4.8.3,Mechanical Inspection/Testing Services,142,2294
4.8.5,Mechanical Installation Services,277,5789
4.8.6,Pump Services,226,1336
4.8.7,Valve Services,115,925
4.8.9,Metal & Steel Fabrication Services,197,2031
4.8.10,Motor Rewind Services,57,603
4.8.11,Machining Services,90,912
4.8.12,Deplanting/Decommissioning Services,67,887
4.8.13,Gas Appliance Services,33,574
4.8.14,Water Treatment Plant Services,182,2398
4.8.15,Gas Network Plant Services,52,1473
4.8.16,Lighting Services,92,617
4.8.17,Gas Storage Plant Services,57,718
4.8.18,Regulation inspection services,21,1143
4.8.19,Mechanisation services,6,333
4.8.20,"Tool, Instrument & Specialist Equipment Services",79,851
4.8.21,Tool and instrument repair services,30,226
4.8.22,Welding and Cutting Services,99,991
4.8.23,Heat Treatment / Hardening Services,5,136
4.8.24,Mechanical Maintenance and Repair Services,176,2643
4.8.25,Electrical Maintenance and Repair Services,176,2779
4.9.1,Overhead Line Construction - Wood Pole (11kV & Below),103,4287
4.9.2,Overhead Line Construction - Wood Pole (20kV to 99kV),96,4364
4.9.3,"Overhead Line Inspection, Maintenance & Repair - Wood Pole (11kV & Below)",98,4263
4.9.5,Overhead Line Design - Tower (20kV to 99kV),60,2078
4.9.7,Overhead Line Design - Tower (200kV & Above),66,1058
4.9.8,Overhead Line Construction - Tower (20kV to 99kV),57,2030
4.9.9,Overhead Line Construction - Tower (100kV to 199kV),63,2285
4.9.10,Overhead Line Construction - Tower (200kV & Above),57,1105
4.9.11,Overhead Line Design & Construction - Tower (20kV to 99kV),55,1748
4.9.12,Overhead Line Design & Construction - Tower (100kV to 199kV),67,1719
4.9.13,Overhead Line Design & Construction - Tower (200kV & Above),60,1510
4.9.14,"Overhead Line Inspection, Maintenance & Repair - Tower (20kV to 99kV)",76,2515
4.9.15,"Overhead Line Inspection, Maintenance & Repair - Tower (100kV to 199kV)",76,2673
4.9.16,"Overhead Line Inspection, Maintenance & Repair - Tower (200kV & Above)",70,1459
4.9.17,Overhead Line Services - Surveying,152,3908
4.9.18,Overhead Line Services - Tree Cutting,136,5228
4.9.19,Overhead Line Services - Tower Painting,63,1192
4.9.20,Overhead Line Services - Scaffolding (System Use),61,1670
4.9.21,Overhead Line Services - Wood Pole Installation,77,2588
4.9.22,Telecommunication Overhead Line Construction,66,1713
4.9.23,Telecommunication Overhead Line Maintenance & Repair,65,1639
4.9.25,"Overhead Line Inspection, Maintenance & Repair - Wood Pole (100kV to 199kV)",66,1960
4.9.26,Live Line Work,54,1318
4.9.27,Electric line projects,51,739
4.10.1,Water Meter Maintenance & Repair Services,42,1045
4.10.2,Electricity Meter Maintenance & Repair Services,46,1708
4.10.3,Gas Meter Maintenance & Repair Services,71,3069
4.10.4,Meter Installation & Removal Services,141,5165
4.10.5,Meter Operator Services,42,2054
4.10.6,Meter Calibration Services,36,1266
4.10.99,Other Meter & Associated Services,93,2218
4.11.2,Geological registry and drilling services (mud logging),9,78
4.11.3,Well consolidation services,2,57
4.11.4,Assembly of casing and tubing services,4,123
4.11.5,Well testing services,12,155
4.11.6,Logging services,13,116
4.11.7,Slickline/wireline services,6,154
4.11.8,Coring services,19,111
4.11.9,Analysis of drilling muds services,5,1
4.11.10,Treatment of drilling muds services,6,2
4.11.11,Well maintenance,8,227
4.11.12,Coiled tubing,4,84
4.11.33,Oil regeneration in field services,12,285
4.11.99,"Other services of drilling, production and exploitation",20,284
4.50.1,Clinical Trials,0,99
4.50.2,Diagnostic Services,11,312
4.50.3,Animal Handling Services,1,42
4.50.4,Laboratory Equipment Maintenance,7,80
4.50.5,Microbiology Services,10,507
4.50.6,Laboratory Sampling Services,38,1067
4.50.99,Other Laboratory Services,46,744
4.51.1,"Medical, Surgical & Nursing Equipment Services",0,30
4.51.99,"Other Medical, Surgical & Nursing Services",4,18
4.85.6,Underground Rolling Stock Services,1,11
4.85.9,Train Cleaning Services,6,21
4.85.10,Train Painting & Livery Services,5,789
4.85.11,Train Glazing Services,0,15
4.85.13,Train Breakdown Recovery Services,0,3
4.85.14,Train Operations & Support Services,2,6
4.85.99,Other Rolling Stock Services,4,11
4.86.2,Wheelsets & Components Services,1,2
4.86.3,Bearings Services,3,
4.86.4,Brake Equipment Services,0,
4.86.5,"Brake Hoses, Pipes & Fittings Services",2,8
4.86.6,Buffer Services,1,
4.86.7,Diesel Engines & Power Units Services,12,154
4.86.8,Cylinder Heads & Liners Services,3,
4.86.9,Turbocharger Services,3,
4.86.10,Fuel Pumps & Fuel Injection Services,4,199
4.86.11,Transmission/Gearbox Spares Services,5,167
4.86.12,Suspension Equipment Services,0,
4.86.14,Electrical Rotating Machines Services,2,3
4.86.15,Control & Instrumentation Equipment Services,16,38
4.86.16,Pantographs/Shoegear & Components Services,0,
4.86.17,Train-borne Communication Equipment Services,0,1
4.86.18,Train-borne Automatic Warning System Services,0,
4.86.19,Passenger Counting System Services,3,
4.86.20,Air Conditioning Equipment Services,8,38
4.86.21,Heating Equipment Services,6,12
4.86.23,Windows & Glazing Services,3,54
4.86.24,Seats & Interior Fittings Services,1,15
4.86.25,Vending Machine Services (Rail),0,
4.86.26,Ticket Machine Services (Rail),1,
4.86.27,Video Display Equipment/CCTV Services,15,209
4.86.28,Fire Fighting Equipment Services,7,162
4.86.99,Other Rolling Stock Equipment Services,1,
4.87.1,Station Construction,54,48
4.87.2,Platform Construction,59,48
4.87.3,Earthworks - Rail,60,78
4.87.4,Mech/Elec Works -Rail,37,102
4.87.5,Troughing Works - Rail,41,75
4.87.6,Embankment Works - Rail,50,14
4.87.7,Cutting Works - Rail,45,10
4.87.8,Signalling Works - Rail,33,93
4.87.9,Telecom Works - Rail,48,9
4.87.99,"Other Rail Building, Civil Engineering & Associated Services",70,279
4.88.3,Electrification Cabling Services,26,84
4.88.4,Transformer Services - Rail,20,5
4.88.99,Other Rail Electrification Services,24,17
4.90.1,On Track Machine Services,3,
4.90.3,Road-Rail Plant Services,7,1
4.90.4,Trackside Plant Services,8,3
4.90.99,"Other Rail Plant, Machinery & Equipment Services",15,16
4.91.2,Permanent Way Maintenance,3,25
4.91.3,Track Renewal,3,3
4.91.4,Switches & Crossings,2,
4.91.5,Track Welding,3,19
4.91.6,Handgrinding,3,11
4.91.7,Rail Grinding & Reconditioning,2,15
4.91.8,Track Monitoring,10,14
4.91.10,Track Alignment & Tamping Services,2,79
4.91.11,Railway Track Cleaning Services,4,2
4.91.99,Other Permanent Way Services,5,21
4.92.1,Mechanical Engineering Consultancy,15,53
4.92.2,Permanent Way Consultancy,3,18
4.92.5,OHLE Consultancy,8,9
4.92.6,Crash Worthiness Consultancy,0,8
4.92.7,EMC Services,5,9
4.92.8,Mechanical Failure & Wear Solutions,7,6
4.92.10,Vehicle/Track Interaction,9,195
4.92.99,Other Rail Professional & Consultancy Services,33,9
4.99.1,Structural Assessment,57,1385
4.99.2,Thermal Hydrolysis,6,80
4.99.3,Calibration Services,89,708
4.99.4,Research & Development,74,386
4.99.5,Testing & Analysis Services (Utilities),186,3146
4.99.11,Diving Services,66,781
4.99.12,Agricultural & Land Drainage Services,110,235
4.99.13,Anti Corrosion & Cathodic Protection Services,85,1249
4.99.19,Joint Sealing Services,26,388
4.99.23,Dredging Services,49,530
4.99.24,Flood Defence Services,114,827
4.99.25,Statutory Inspection Services/Safety Assessments,140,1994
4.99.27,Non-Destructive Testing Services,116,1140
4.99.28,Scaffolding Services (Non-system Use),75,1890
4.99.29,Industrial Cleaning Services,117,1004
4.99.32,Monitoring Services,217,2923
4.99.34,Canal & River Services,84,684
4.99.36,Salvaging Services,19,52
4.99.37,Hydrographic Services,52,1457
4.99.38,Railway Signalling & Telecommunication Services,10,27
4.99.39,Power System Planning & Operation Services.,26,179
4.99.40,Product Testing,27,80
4.99.42,Compliance and Assessing Services,37,286
4.99.43,Gas and oil pipeline projects,71,316
4.99.44,Gas installations projects,64,914
4.99.45,Other engineering projects,92,236
4.99.46,Filter plant sand renewal services,12,347
4.99.47,Flow study services,23,256
4.99.48,Explosion study services,11,80
4.99.49,Starting of installations,4,23
4.99.50,Network evaluation and network optimisation,25,613
4.99.51,Building inspection,25,216
4.99.52,Architectural and building design,32,1068
4.99.54,Ecological Management,59,2279
4.99.99,Sector Specific Engineering Services,224,1776
4.1.92,Offshore Windfarm Civil Works,45,361
4.3.29,Hydro Pipeline Install,6,254
4.3.30,Hydro Pipeline Supply and Install,8,247
2.1.18,Smart Grid Technology Services,97,2233
3.2.35,Smart Grid Technology,65,1652
3.19.20,Automatic Waste Water Sampler,5,145
4.1.96,Automatic Waste water Sampler supporting services,6,127
4.6.52,Radar and Communications Consultancy,5,133
1.4.30,Radars for wind farms close to airfields,2,73
2.1.19,Smart Meter Services,27,1270
2.3.20,"Engineering, Procurement, Construction and Installation (EPCI)",5,207
3.2.36,Smart Meters - Gas,13,1022
3.2.37,Smart Meters - Electricty,13,558
3.2.38,Smart Meters - Water,7,438
3.2.39,Smart Meter Components,5,454
3.2.40,Smart Meter Firmware,4,327
4.5.21,Tapchanger services,21,675
3.19.21,Sewer Inspection Products,5,224
2.3.19,Sales Service,0,140
4.3.28,Hydro Pipeline Supply,3,238
1.1.12,Signs,104,4443
1.1.15,Steel/Metal Products,177,4312
1.1.17,Horticultural Products,26,1738
1.1.28,Heavy and medium structure,12,941
1.2.2,Gravel,47,2010
1.2.5,Concrete Ready Mixed,33,1373
1.2.18,Piling (exc. Steel Sheet Piling and Timber Piling),10,988
1.3.4,Office Furnishings & Fittings,14,699
1.3.9,Paper & Card,13,1534
1.3.25,Packaging Equipment & Supplies,8,896
1.3.27,Pre-Printed Plastic Cards,9,419
1.3.30,Postal Equipment,4,468
1.3.81,Recycling Equipment,10,345
1.4.7,Mobile Radio Equipment,56,1347
1.5.4,Computer Peripherals,45,3326
1.5.7,General Business Software,90,3676
1.5.12,Computer Systems,33,1079
1.6.6,Personal Protective Equipment,163,3977
1.7.9,Poles and accessories,5,350
1.7.99,Other Security & Firefighting Equipment,79,664
1.8.21,"Fuel Delivery, Storage & Dispensing Equipment",30,432
1.8.98,Other Transport,11,553
1.9.41,"Lifting Gear, Winches & Other Lifting Equipment",111,1764
1.10.4,Hand Tools (Non-Powered),91,3923
1.10.99,Other Tools & Specialist Equipment,51,1425
1.11.1,Electricity,50,1492
1.11.15,Lubricating Oils,38,1349
1.11.23,Degreasants & Solvents,33,1850
1.11.30,Additives for lubricants,5,549
1.12.12,Helium,3,711
1.51.18,Anti-Vibration Products (Rolling Stock),4,400
1.53.1,Air Conditioning Equipment (Rail Interior),3,34
1.53.4,Doors & Door Gear (Rail Interior),2,96
1.53.7,Toilet Equipment & Furnishings (Rail Interior),2,68
1.56.3,Signalling Equipment,3,54
1.56.10,Telecommunications Equipment (Rail),17,67
1.60.3,Flight Management Systems (AODB) (to register passengers per airline and invoice airlines),0,106
2.2.3,IT Consultancy,214,7387
2.2.9,Public Relations Consultancy,33,1252
2.2.12,Environmental Consultancy,265,4725
2.2.23,Value Management Consultancy,60,1545
2.2.25,Electricity Consultancy,85,1651
2.3.4,Financial Leasing Services,8,275
2.3.12,Recruitment Services - Finance,46,1358
2.3.13,Auction Services,3,167
2.3.18,Customer Acquisition Services,7,174
2.5.7,Non-hazardous Disposal Services,82,2025
2.6.3,Printing & Publication Services,79,2767
2.6.13,Laundry Services,5,205
2.6.23,Subscription Services,2,106
2.6.30,Language Translation Services,3,156
2.6.40,Recruitment Services (Permanent),151,1818
2.6.44,Book Restoration & Preservation Services,1,76
2.7.7,Catering Services (Onsite).,33,2217
2.7.8,Hygiene and Pest Control Services,38,2659
2.7.14,Vending Machine Services,11,559
2.8.5,Courier Services,15,678
2.8.11,Windscreen Replacement,4,186
2.8.16,Generator Hire (Non-system Use),37,1419
2.9.2,Plumbing Services,115,2859
2.9.8,Fencing Services,267,3231
2.9.21,Services and works of impermeabilisation,5,832
2.9.24,Electro Assembling Works,2,509
3.1.4,Off-shore Structure Equipment,15,60
3.2.13,Plateholders and calibrated tube,3,252
3.2.22,Electronic transmitters and indicators,25,415
3.2.30,Safety discs,3,85
3.3.5,Distribution Boards,96,1729
3.3.13,"Heating, Ventilation & Air Conditioning Equipment",72,839
3.3.19,Lighting & Accessories,68,2296
3.3.28,Docking Guidance Systems,1,29
3.3.42,Limit switches,12,814
3.3.44,Low voltage switchboard,43,941
3.3.99,"Other Electrical, Control & Instrumentation Equipment",104,1129
3.4.22,Fire-protection material for cable trays,9,470
3.4.32,Reactance protections,5,373
3.5.5,Transformer Ancillary Equipment,42,451
3.5.9,Insulating transformers,4,145
3.5.12,Frequency variators for motors,10,234
3.5.28,Transformers - Primary (10MVA to 100MVA),40,2253
3.5.51,Reactive power blocks,3,33
3.5.98,Other Substation Materials,6,54
3.6.6,Insulator Fittings,24,736
3.6.12,Overhead Line Steelwork,42,1122
3.6.15,Braided power cables (type RZ),6,140
3.7.1,Underground Mains & Service Cable - Below 1kV,48,1192
3.7.5,Underground Mains Cable - 200kV & Above,39,1743
3.7.14,Fibre Optic Cable Accessories,56,406
3.8.2,Steam Boilers,30,579
3.8.27,Other turbines for thermal generation,3,30
3.8.30,Stacks,1,29
3.8.99,Other Generation Plant & Equipment,54,858
3.9.27,Hydro mechanical equipment,4,80
3.9.99,Other Renewable Generation Plant & Equipment,30,16
3.10.17,Nuclear Cooling Water & Heat Removal Systems,17,232
3.10.20,Nuclear Fire Barrier & Containment Penetrations,9,193
3.12.2,Switchgear - Indoor (1kV to 19kV),45,2420
3.12.5,Switchgear - Indoor (200kV & Above),16,1045
3.12.8,Switchgear - Outdoor (20kV to 99kV),30,1151
3.12.13,Switchgear - Variable Speed/Soft Driven,55,1193
3.12.22,Outdoor high-voltage switchgear: carrier - wave communication systems,3,131
3.13.20,Energy Meter Equipment for District Heating/Cooling,23,156
3.13.21,Security sealing (O-ring seal),3,342
3.14.1,Centrifugal Pumps,104,3319
3.14.15,Hydraulic Pumps,42,999
3.14.18,Vacuum Pumps,37,675
3.15.1,Pipes & Fittings - Fibre Cement,1,754
3.15.2,Pipes & Fittings - Concrete,13,815
3.15.11,Pipe Fittings - Clamps & Collars,46,3012
3.15.24,Polyethylene pipes for cable guiding accessories,6,532
3.15.29,"Round-tubing and tubes for pneumatic transport (of aluminium, stainless steel and others)",4,404
3.15.52,Flexible tubes / terminals,2,254
3.15.55,"Pipes of nickel, titanium, aluminium and its alloys",7,246
3.16.2,Gate/Sluice/Knife Valves,86,3096
3.16.3,Hydrant Valves,24,2697
3.16.8,Flap Valves,34,879
3.16.10,Ball Valves,100,2034
3.16.34,Pneumo - hydraulic valves,8,307
3.16.37,Valves for hydroelectric installations,7,303
3.18.20,Distilled Water,6,297
3.19.4,Dewatering Equipment,67,1021
3.19.10,Mixing Units,38,368
3.19.11,Incineration Equipment,10,129
3.20.6,Compressor Station Emission Stacks,3,375
3.21.16,Compressed Air/Gas Systems,68,1235
3.21.48,Pneumatic Power Packages,31,317
3.50.1,Laboratory Furniture,4,194
3.50.2,Laboratory Apparatus,14,471
3.50.10,Pharmaceutical Manufacturing Equipment,3,138
3.50.11,Laboratory Blood Products,1,118
3.50.97,Other Scientific Equipment,3,183
3.51.1,Medical Devices,1,27
3.51.6,Medical Gases,5,12
3.52.1,Art & Design Sundries,1,11
3.52.8,Other Library Supplies,1,
3.54.4,Diving Fins & Rudders,3,274
3.55.3,Diesel Generator,19,634
4.1.2,Pumping Station - Waste Water,374,4076
4.1.7,Tunnelling & Shafts,156,3058
4.1.23,Land Reinstatement Services,246,6377
4.1.27,Rock Anchor Services,46,560
4.1.29,Demolition and dismantling of sector-specific old plant,65,1857
4.1.39,Pipeline Construction,284,4944
4.1.52,Permanent Way - Removal & Disposal of Materials,15,284
4.1.55,Vegetation Management,130,2791
4.1.73,Construction of compression stations,10,267
4.1.76,Construction and assembly of spheres and tanks,20,350
4.1.91,Naval engineering projects,15,183
4.2.18,Underground Telecommunication Cable Maintenance & Repair,79,1847
4.2.23,Underground Cable Laying - 200kV & Above,85,4553
4.2.29,Underground Cable Maintenance & Repair - Below 1kV,100,3393
4.3.3,Sewer Pipe Laying,230,4264
4.4.6,Fuel System Services,31,141
4.4.14,Power Station - Reciprocating Engine Combined Heat & Power,50,133
4.4.15,Steam System Services,33,207
4.4.98,Other Turbine Services,15,95
4.5.4,Telecontrol Services,84,1756
4.5.6,Transformer Services,173,4695
4.5.18,Substation Turnkey - Distribution,108,1610
4.6.14,Quantity Surveying,83,5136
4.6.16,Electrical Consultancy,187,5993
4.6.32,Harbour & Marine Consultancy,88,2628
4.6.45,Prospecting consultancy,2,65
4.7.12,Nuclear Power Station Outage Management Services,17,170
4.8.4,Electrical Installation Services,353,9207
4.8.8,Compressed Air/Gas System Services,62,700
4.8.99,"Other Mechanical, Electrical, Instrumentation, Control & Automation Services",122,1394
4.9.4,"Overhead Line Inspection, Maintenance & Repair - Wood Pole (20kV to 99kV)",96,4008
4.9.6,Overhead Line Design - Tower (100kV to 199kV),70,1898
4.9.24,Overhead Line Construction - Wood Pole (100kV to 199kV),66,2211
4.9.99,Other Overhead Line Services,73,1638
4.10.7,Meter Reading Services,65,3099
4.11.1,Drilling services,36,743
4.85.5,Tram Services,1,48
4.85.15,Train Disposal Services,3,
4.86.1,Bogie Services,1,
4.86.13,Pneumatic Equipment Services,4,
4.86.22,Doors & Door Gear Services,5,18
4.87.10,Rail Electrification Works,42,16
4.88.1,Overhead Line/Catenary Line Maintenance,10,8
4.88.5,Substation Services - Rail,40,8
4.92.9,Vehicle Approval & Testing,4,5
4.99.35,Fisheries Services,24,1637
4.99.41,Machinery Testing,11,133
4.99.53,Ecology and Biodiversity,86,2450
4.6.51,Offshore Consultancy,62,2055
4.1.93,"Offshore Windfarm Maintenance, Testing and Inspection",72,332

